Date,Open,High,Low,Close,Adj Close,Volume
2013-12-31,83.936996,83.938004,83.061996,83.545998,81.207581,6759000
2014-01-02,83.740997,83.79699699999999,83.010002,83.414001,81.079285,7214000
2014-01-03,83.414001,83.58000200000001,82.599998,83.081001,80.755608,6438000
2014-01-06,83.195999,83.388,82.466003,82.668999,80.355141,7022000
2014-01-07,83.100998,83.918999,83.099998,83.709,81.47444200000001,7635000
2014-01-08,83.73200200000001,84.40100100000001,83.600998,83.683998,81.45010400000001,6936000
2014-01-09,84.0,84.42400400000001,83.625,84.360001,82.10805500000001,7025000
2014-01-10,84.683998,84.748001,83.160004,83.475998,81.247658,8211000
2014-01-13,83.545998,83.800003,80.763,81.0,78.837769,12354000
2014-01-14,81.281998,82.29699699999999,80.414001,82.170998,79.97749300000001,10869000
2014-01-15,82.511002,82.977997,82.124001,82.336998,80.139061,7750000
2014-01-16,82.48200200000001,82.79900400000001,82.241997,82.550003,80.34638199999999,4965000
2014-01-17,82.5,83.402,80.788002,81.842003,79.65728,13330000
2014-01-21,82.302002,82.655998,81.403,81.848,79.663116,10103000
2014-01-22,82.209999,83.900002,82.0,83.300003,81.07637,7220600
2014-01-23,83.800003,83.809998,81.91999799999999,82.360001,80.161446,6590300
2014-01-24,81.779999,81.980003,78.5,78.510002,76.414238,9460200
2014-01-27,78.949997,78.980003,74.949997,76.050003,74.019897,13707500
2014-01-28,76.699997,79.089996,76.58000200000001,78.83000200000001,76.725685,7735000
2014-01-29,78.190002,78.66999799999999,77.010002,77.699997,75.62583199999999,7908500
2014-01-30,80.449997,80.550003,78.239998,79.760002,77.630859,8702200
2014-01-31,75.510002,76.989998,71.75,75.68,73.659775,23252800
2014-02-03,76.050003,76.410004,73.849998,73.910004,71.937035,9828200
2014-02-04,74.220001,74.349998,72.800003,73.120003,71.168098,11378100
2014-02-05,72.760002,73.5,72.110001,72.839996,70.895576,7768100
2014-02-06,73.230003,74.910004,73.139999,74.900002,72.900589,6804600
2014-02-07,75.66999799999999,76.93,75.129997,76.309998,74.272949,8437500
2014-02-10,76.660004,77.339996,75.849998,76.349998,74.311882,4885600
2014-02-11,76.800003,76.83000200000001,76.0,76.190002,74.156151,5322900
2014-02-12,76.440002,76.93,75.66999799999999,75.970001,73.942024,4775200
2014-02-13,75.480003,76.639999,75.129997,76.529999,74.48706800000001,4912300
2014-02-14,76.58000200000001,77.660004,76.480003,77.389999,75.324112,4731900
2014-02-18,78.459999,78.489998,77.199997,77.489998,75.42144,5811700
2014-02-19,77.339996,78.010002,76.529999,76.650002,74.603874,6032800
2014-02-20,76.879997,76.879997,74.849998,75.860001,73.83496099999999,8711100
2014-02-21,75.860001,76.349998,75.5,75.699997,73.67923,6551800
2014-02-24,75.57,76.970001,75.559998,75.959999,73.932289,7942200
2014-02-25,76.0,76.970001,75.519997,76.739998,74.691475,7435800
2014-02-26,76.83000200000001,77.410004,76.610001,77.360001,75.294914,7437200
2014-02-27,77.339996,78.010002,77.0,77.760002,75.684235,4931400
2014-02-28,78.199997,78.66999799999999,76.949997,77.720001,75.645325,5916500
2014-03-03,76.529999,77.089996,75.650002,76.730003,74.681747,6154600
2014-03-04,77.809998,78.800003,77.410004,78.5,76.404488,5302700
2014-03-05,78.66999799999999,78.879997,77.83000200000001,78.199997,76.11251800000001,4230200
2014-03-06,78.400002,78.709999,77.57,77.629997,75.557709,4593400
2014-03-07,78.07,78.25,77.519997,77.940002,75.859421,4133600
2014-03-10,77.800003,77.940002,77.269997,77.389999,75.324112,3314700
2014-03-11,77.489998,78.449997,76.889999,77.900002,75.820503,4834400
2014-03-12,77.220001,78.339996,76.800003,78.339996,76.24876400000001,4739700
2014-03-13,78.379997,78.769997,76.540001,76.620003,74.57468399999999,6521400
2014-03-14,76.510002,77.220001,76.230003,76.339996,74.30214699999999,4856900
2014-03-17,76.75,77.839996,76.739998,77.83000200000001,75.752365,3910900
2014-03-18,78.099998,78.980003,77.540001,78.91999799999999,76.813286,4523500
2014-03-19,78.940002,79.599998,77.91999799999999,78.309998,76.219559,5929300
2014-03-20,78.209999,78.650002,77.610001,78.410004,76.316902,5197800
2014-03-21,79.339996,79.83000200000001,75.900002,75.989998,73.961487,15077700
2014-03-24,76.480003,77.709999,75.870003,77.389999,75.324112,8816800
2014-03-25,77.58000200000001,77.769997,75.230003,75.279999,73.270454,7128300
2014-03-26,75.809998,76.16999799999999,73.68,73.709999,71.74234,7611000
2014-03-27,73.540001,73.620003,72.349998,73.339996,71.382233,7690100
2014-03-28,73.389999,73.790001,72.440002,73.220001,71.265434,5245000
2014-03-31,73.860001,74.870003,73.5,74.699997,72.705925,5843600
2014-04-01,75.25,75.339996,74.379997,74.809998,72.812996,4105600
2014-04-02,74.889999,75.349998,74.529999,74.699997,72.705925,4271600
2014-04-03,75.040001,75.550003,74.239998,74.529999,72.540482,4133300
2014-04-04,75.400002,75.489998,71.709999,72.18,70.253204,8287100
2014-04-07,71.660004,71.959999,70.43,71.33000200000001,69.531853,9699100
2014-04-08,71.220001,71.940002,71.0,71.519997,69.717072,6280200
2014-04-09,71.93,73.66999799999999,71.610001,73.559998,71.705635,6984700
2014-04-10,73.66999799999999,74.32,70.949997,71.16999799999999,69.375885,8982800
2014-04-11,70.050003,70.379997,68.68,68.68,66.948647,11610500
2014-04-14,69.790001,71.970001,69.599998,71.18,69.385635,10893900
2014-04-15,72.300003,72.739998,70.480003,72.150002,70.331177,7009600
2014-04-16,72.879997,73.949997,72.5,73.93,72.066307,7002300
2014-04-17,74.07,74.82,73.610001,74.129997,72.261269,5552300
2014-04-21,74.25,74.629997,73.83000200000001,74.309998,72.436722,5991600
2014-04-22,74.470001,74.769997,73.849998,74.529999,72.651176,5049800
2014-04-23,74.33000200000001,74.5,73.059998,73.360001,71.510689,5056400
2014-04-24,73.709999,74.720001,73.33000200000001,74.349998,72.475723,5191700
2014-04-25,72.209999,73.0,70.599998,70.660004,68.878754,9657700
2014-04-28,70.800003,72.160004,70.220001,71.239998,69.444115,8649400
2014-04-29,71.489998,72.610001,71.33000200000001,72.029999,70.214218,6030500
2014-04-30,72.339996,73.629997,71.540001,73.550003,71.6959,6552600
2014-05-01,75.57,76.709999,74.050003,74.220001,72.349007,9752000
2014-05-02,74.199997,74.5,72.519997,73.779999,71.920097,5977100
2014-05-05,73.209999,74.860001,72.949997,74.82,72.933876,4776900
2014-05-06,74.339996,74.470001,73.75,73.809998,71.949326,4290100
2014-05-07,73.93,74.370003,73.050003,73.870003,72.007828,4411900
2014-05-08,73.870003,75.470001,73.5,74.239998,72.368492,4628200
2014-05-09,74.010002,74.440002,73.519997,74.379997,72.50496700000001,2975600
2014-05-12,74.690002,75.220001,74.5,75.019997,73.12883000000001,2975200
2014-05-13,75.190002,75.43,74.449997,74.83000200000001,72.943619,3268500
2014-05-14,74.660004,75.019997,73.959999,74.099998,72.232025,2595900
2014-05-15,74.0,74.239998,72.879997,73.08000200000001,71.237732,4301600
2014-05-16,73.029999,73.860001,72.559998,73.75,71.890869,3703800
2014-05-19,73.470001,74.379997,73.410004,73.860001,71.99807,3428800
2014-05-20,73.82,74.489998,73.510002,73.650002,71.79338100000001,3764700
2014-05-21,74.199997,75.639999,74.16999799999999,75.629997,73.723465,4365800
2014-05-22,75.809998,76.220001,75.099998,75.75,73.840439,4625400
2014-05-23,76.0,76.66999799999999,75.82,76.449997,74.52278100000001,3376100
2014-05-27,76.879997,77.889999,76.720001,77.029999,75.08815799999999,5598000
2014-05-28,77.110001,77.25,76.720001,76.93,74.990677,2733300
2014-05-29,77.050003,77.230003,76.510002,76.790001,74.854218,3375600
2014-05-30,76.800003,77.029999,76.349998,76.449997,74.52278100000001,5003500
2014-06-02,76.769997,77.209999,76.230003,77.050003,75.107658,3046400
2014-06-03,76.760002,77.0,76.239998,76.349998,74.425308,2619100
2014-06-04,76.309998,76.529999,75.82,76.32,74.39608,2794700
2014-06-05,76.32,77.16999799999999,76.139999,76.839996,74.90295400000001,2680300
2014-06-06,77.0,77.879997,76.900002,77.470001,75.51709,3113900
2014-06-09,77.32,77.489998,76.75,76.860001,74.92244699999999,3499900
2014-06-10,76.739998,77.559998,76.57,77.360001,75.409836,3396100
2014-06-11,76.959999,77.43,76.720001,76.870003,74.932198,3427500
2014-06-12,76.980003,77.139999,75.459999,75.720001,73.811188,3836400
2014-06-13,75.720001,76.139999,75.129997,75.940002,74.02565799999999,3194900
2014-06-16,75.599998,75.779999,74.900002,75.110001,73.216576,5673600
2014-06-17,75.139999,75.43,74.550003,74.980003,73.089836,4163700
2014-06-18,74.949997,75.209999,74.400002,75.120003,73.226311,3820800
2014-06-19,75.08000200000001,75.41999799999999,74.099998,74.269997,72.397736,5501900
2014-06-20,74.529999,75.010002,73.480003,73.809998,71.949326,9339300
2014-06-23,73.589996,74.300003,73.199997,74.139999,72.271011,4899900
2014-06-24,74.089996,74.790001,72.550003,72.699997,70.86731,5943800
2014-06-25,72.559998,73.550003,72.540001,73.040001,71.198761,3813600
2014-06-26,73.260002,73.279999,72.559998,72.769997,70.935562,4085000
2014-06-27,72.519997,73.610001,72.449997,73.400002,71.54966,12447500
2014-06-30,73.239998,73.879997,73.059998,73.470001,71.61790500000001,4737000
2014-07-01,74.199997,75.910004,74.139999,75.529999,73.625984,6330900
2014-07-02,74.860001,76.389999,74.860001,76.199997,74.279083,3973700
2014-07-03,76.599998,76.900002,76.349998,76.739998,74.805481,3213400
2014-07-07,76.440002,76.639999,75.940002,76.18,74.366188,3591100
2014-07-08,76.110001,76.150002,75.129997,75.690002,73.887863,3903600
2014-07-09,75.870003,76.66999799999999,75.599998,76.629997,74.805481,3337000
2014-07-10,75.650002,75.959999,74.75,75.470001,73.673103,3318000
2014-07-11,75.540001,75.849998,75.260002,75.83000200000001,74.024521,2759000
2014-07-14,76.440002,77.709999,76.040001,77.33000200000001,75.488823,5585800
2014-07-15,77.989998,79.220001,77.860001,78.32,76.455246,7508400
2014-07-16,78.650002,78.690002,77.949997,78.309998,76.44548,3623200
2014-07-17,77.309998,77.870003,76.25,76.389999,74.571198,5467000
2014-07-18,76.75,77.650002,76.449997,77.5,75.654762,3485700
2014-07-21,77.110001,77.440002,76.589996,77.349998,75.50833100000001,3101300
2014-07-22,77.519997,78.389999,77.349998,78.269997,76.40643299999999,3467200
2014-07-23,78.160004,78.379997,77.190002,77.739998,75.889038,3525800
2014-07-24,77.93,78.059998,76.91999799999999,77.57,75.723076,5149600
2014-07-25,75.629997,76.029999,75.220001,75.75,73.946434,5870200
2014-07-28,75.699997,76.209999,75.519997,76.190002,74.375961,3209100
2014-07-29,76.309998,76.610001,75.650002,75.889999,74.083099,4017200
2014-07-30,76.07,76.290001,75.449997,75.910004,74.102623,5521200
2014-07-31,76.300003,76.32,73.809998,74.150002,72.384529,7393700
2014-08-01,73.839996,75.440002,73.639999,74.980003,73.19475600000001,6029500
2014-08-04,75.389999,75.849998,75.08000200000001,75.68,73.878098,4924000
2014-08-05,75.309998,75.660004,74.809998,75.199997,73.409523,4639000
2014-08-06,74.849998,75.58000200000001,74.690002,75.360001,73.56572,2782900
2014-08-07,75.540001,75.68,73.82,74.059998,72.296669,4708000
2014-08-08,74.0,75.230003,73.75,75.16999799999999,73.380234,3614300
2014-08-11,75.540001,76.07,74.989998,75.629997,73.82929200000001,3546600
2014-08-12,75.360001,75.82,74.93,75.629997,73.82929200000001,2752400
2014-08-13,75.849998,76.510002,75.589996,76.300003,74.48333000000001,3389600
2014-08-14,76.599998,76.610001,75.660004,76.050003,74.239288,2411400
2014-08-15,76.410004,76.57,74.980003,75.209999,73.41928100000001,4351900
2014-08-18,75.690002,76.82,75.690002,76.769997,74.942146,4030300
2014-08-19,76.75,76.800003,76.089996,76.400002,74.58094799999999,3562200
2014-08-20,75.970001,76.480003,75.900002,76.389999,74.571198,2608200
2014-08-21,76.510002,77.120003,76.290001,76.989998,75.156906,2690000
2014-08-22,76.75,76.879997,76.150002,76.480003,74.659065,2500700
2014-08-25,77.110001,77.209999,76.389999,76.43,74.610252,3386300
2014-08-26,76.790001,77.849998,76.540001,77.0,75.166664,3849000
2014-08-27,77.019997,77.120003,76.5,76.639999,74.815239,1980800
2014-08-28,76.089996,76.43,75.660004,76.160004,74.346672,2991600
2014-08-29,76.300003,76.480003,75.730003,75.809998,74.00500500000001,3231600
2014-09-02,75.93,76.010002,75.440002,75.58000200000001,73.780479,3613200
2014-09-03,76.099998,76.190002,75.730003,75.940002,74.131912,2870200
2014-09-04,76.029999,76.82,76.0,76.379997,74.561432,2680300
2014-09-05,76.190002,76.93,75.860001,76.860001,75.030006,3487400
2014-09-08,76.589996,76.849998,75.900002,76.230003,74.415001,2845600
2014-09-09,76.260002,76.510002,75.690002,76.07,74.258804,4144700
2014-09-10,76.089996,76.93,75.879997,76.650002,74.824997,4188000
2014-09-11,76.32,76.449997,75.410004,75.620003,73.81952700000001,4673100
2014-09-12,75.68,76.07,74.93,75.470001,73.673103,4239500
2014-09-15,75.190002,75.41999799999999,74.779999,75.239998,73.44856999999999,4046800
2014-09-16,75.650002,76.800003,74.940002,76.589996,74.766426,4870400
2014-09-17,76.879997,76.900002,75.470001,76.220001,74.40522800000001,5549400
2014-09-18,76.639999,77.809998,76.230003,77.800003,75.947609,5782900
2014-09-19,77.940002,78.370003,77.239998,77.279999,75.44001,8492600
2014-09-22,77.260002,77.360001,76.08000200000001,76.160004,74.346672,3432900
2014-09-23,75.980003,76.25,75.5,75.510002,73.712158,3908100
2014-09-24,75.699997,77.050003,75.550003,77.050003,75.215477,3618900
2014-09-25,76.540001,76.639999,74.720001,74.720001,72.940956,5006100
2014-09-26,74.75,75.16999799999999,74.5,75.059998,73.272858,3767500
2014-09-29,74.150002,74.889999,73.790001,74.519997,72.745689,3905900
2014-09-30,74.470001,75.309998,73.91999799999999,73.91999799999999,72.15999599999999,9347500
2014-10-01,73.82,74.18,73.07,73.32,71.57428,6619400
2014-10-02,72.870003,73.730003,72.589996,73.41999799999999,71.671913,5607000
2014-10-03,74.050003,74.629997,73.900002,74.33000200000001,72.560242,5338000
2014-10-06,74.620003,74.779999,74.389999,74.510002,72.735962,4783400
2014-10-07,74.099998,74.32,72.940002,72.940002,71.308617,5842000
2014-10-08,72.75,74.07,72.480003,74.059998,72.40355699999999,4116100
2014-10-09,73.980003,73.989998,71.809998,71.83000200000001,70.223442,5790800
2014-10-10,71.800003,72.300003,70.5,70.5,68.92318,5981300
2014-10-13,70.589996,71.209999,69.639999,69.779999,68.219284,6039500
2014-10-14,70.040001,71.66999799999999,70.0,71.0,69.412018,8181000
2014-10-15,69.959999,71.730003,69.660004,71.300003,69.70530699999999,11596100
2014-10-16,70.08000200000001,71.489998,69.849998,70.860001,69.275139,9418000
2014-10-17,71.699997,72.160004,70.860001,71.559998,69.95946500000001,5888500
2014-10-20,71.209999,72.059998,71.139999,72.040001,70.428726,3281600
2014-10-21,72.870003,74.279999,72.550003,74.160004,72.501328,4556400
2014-10-22,74.110001,74.360001,73.18,73.220001,71.58234399999999,4155400
2014-10-23,74.099998,74.660004,73.769997,74.089996,72.432877,3604100
2014-10-24,73.839996,74.08000200000001,73.389999,74.0,72.34491,3374400
2014-10-27,74.0,74.529999,73.760002,74.110001,72.452454,3402600
2014-10-28,74.540001,76.010002,74.470001,76.0,74.300163,4992800
2014-10-29,76.190002,76.970001,75.58000200000001,75.989998,74.29039,6213500
2014-10-30,78.349998,83.220001,78.300003,83.129997,81.270699,16292400
2014-10-31,83.209999,84.83000200000001,83.199997,83.75,81.87683100000001,11664600
2014-11-03,83.82,84.349998,83.82,84.129997,82.248337,6661300
2014-11-04,83.860001,84.209999,82.699997,83.989998,82.111458,5977100
2014-11-05,84.5,86.400002,84.379997,85.989998,84.06671899999999,7999000
2014-11-06,86.0,86.379997,85.489998,85.75,83.832092,5147900
2014-11-07,85.940002,85.940002,84.589996,84.800003,82.903343,4926000
2014-11-10,84.720001,85.110001,84.209999,84.849998,82.952225,4526100
2014-11-11,84.980003,85.120003,84.25,84.589996,82.698036,2679900
2014-11-12,83.760002,84.68,83.33000200000001,84.349998,82.463402,3121300
2014-11-13,84.540001,84.739998,83.75,84.199997,82.316757,3096500
2014-11-14,84.32,84.339996,83.639999,84.050003,82.170128,2224200
2014-11-17,83.800003,84.260002,83.16999799999999,83.199997,81.339127,3368500
2014-11-18,83.25,84.239998,83.18,83.900002,82.023483,3142700
2014-11-19,83.699997,84.489998,83.410004,84.279999,82.394981,2501100
2014-11-20,83.5,84.849998,83.290001,84.599998,82.707817,3452200
2014-11-21,85.739998,85.879997,84.209999,84.720001,82.825142,4969500
2014-11-24,84.82,85.190002,84.650002,84.989998,83.089088,5150400
2014-11-25,85.099998,86.739998,85.08000200000001,86.339996,84.40889,5623400
2014-11-26,86.260002,86.900002,85.959999,86.559998,84.62397,3327600
2014-11-28,87.0,87.889999,86.68,87.290001,85.337654,2452800
2014-12-01,86.559998,88.160004,86.349998,87.459999,85.503845,4989800
2014-12-02,87.910004,87.949997,86.540001,87.690002,85.728706,5458300
2014-12-03,88.209999,89.239998,87.68,88.32,86.344612,6085400
2014-12-04,88.379997,89.440002,88.139999,88.769997,86.78454599999999,3527900
2014-12-05,89.870003,89.870003,88.849998,89.08000200000001,87.087624,3739900
2014-12-08,89.040001,89.559998,87.879997,88.040001,86.070885,4473300
2014-12-09,86.57,88.050003,86.400002,87.839996,85.875351,3732400
2014-12-10,87.529999,88.029999,86.209999,86.33000200000001,84.399117,3277400
2014-12-11,86.760002,88.18,86.75,87.690002,85.728706,4078500
2014-12-12,86.57,87.32,84.110001,84.129997,82.248337,6644500
2014-12-15,85.139999,85.290001,83.540001,84.610001,82.71759,4921600
2014-12-16,83.720001,84.970001,82.050003,82.639999,80.791656,6970300
2014-12-17,82.790001,84.870003,82.400002,84.730003,82.83491500000001,6443700
2014-12-18,86.120003,86.91999799999999,85.400002,86.91999799999999,84.975922,6442100
2014-12-19,86.980003,87.290001,86.139999,86.440002,84.506676,6262000
2014-12-22,86.75,86.970001,86.209999,86.83000200000001,84.887939,2561600
2014-12-23,87.459999,87.849998,86.75,87.629997,85.670036,2749700
2014-12-24,87.699997,88.300003,87.529999,87.769997,85.8069,1219500
2014-12-26,87.900002,88.07,87.519997,87.769997,85.8069,1508400
2014-12-29,87.639999,88.489998,87.5,87.68,85.718925,2376100
2014-12-30,87.349998,87.75,86.510002,86.970001,85.02481800000001,2493300
2014-12-31,87.18,87.540001,86.160004,86.160004,84.23291,2861700
2015-01-02,86.68,87.360001,84.91999799999999,85.68,83.763672,4505800
2015-01-05,85.290001,85.349998,83.050003,83.269997,81.407562,6441400
2015-01-06,83.660004,83.779999,81.800003,83.089996,81.231583,7690000
2015-01-07,84.099998,84.279999,83.07,84.220001,82.49517800000001,5846800
2015-01-08,85.190002,85.620003,85.029999,85.529999,83.778336,5174200
2015-01-09,85.970001,86.0,84.400002,84.440002,82.71067,4580900
2015-01-12,84.410004,84.849998,82.910004,83.360001,81.65277900000001,4030100
2015-01-13,84.089996,85.239998,82.739998,83.550003,81.83890500000001,4222100
2015-01-14,82.0,83.480003,81.839996,83.459999,81.750725,5084300
2015-01-15,83.800003,84.129997,82.18,82.25,80.56551400000001,4331500
2015-01-16,82.050003,83.860001,81.83000200000001,83.800003,82.083771,4763700
2015-01-20,84.389999,84.889999,83.190002,84.260002,82.53437,3540600
2015-01-21,83.779999,84.349998,83.300003,83.720001,82.00541700000001,3598400
2015-01-22,83.360001,84.529999,82.5,84.379997,82.651886,4796200
2015-01-23,84.279999,84.83000200000001,83.800003,84.389999,82.661697,4983800
2015-01-26,84.300003,84.699997,82.870003,83.599998,81.887863,5440400
2015-01-27,82.610001,82.809998,80.959999,81.769997,80.09536,5486000
2015-01-28,83.33000200000001,83.550003,80.66999799999999,80.739998,79.086449,5070200
2015-01-29,80.300003,81.550003,79.82,81.379997,79.713326,6277200
2015-01-30,84.029999,84.800003,81.489998,82.029999,80.350021,13332400
2015-02-02,81.709999,83.230003,80.58000200000001,82.980003,81.280579,10576500
2015-02-03,83.279999,83.879997,82.440002,83.809998,82.09356700000001,8482200
2015-02-04,83.91999799999999,84.970001,83.519997,84.18,82.456001,4923200
2015-02-05,84.58000200000001,85.910004,84.0,85.82,84.062401,5426000
2015-02-06,85.620003,85.769997,83.959999,84.160004,82.436409,5507800
2015-02-09,83.970001,84.83000200000001,83.610001,84.589996,82.857582,3951100
2015-02-10,85.16999799999999,85.18,83.889999,84.230003,82.504974,4441800
2015-02-11,84.230003,84.790001,83.940002,84.459999,82.730255,4051300
2015-02-12,85.43,87.980003,85.309998,87.519997,85.72758499999999,7053500
2015-02-13,87.83000200000001,87.989998,86.620003,87.139999,85.355362,5510900
2015-02-17,87.93,88.16999799999999,87.239998,87.519997,85.72758499999999,5083400
2015-02-18,87.519997,87.839996,86.849998,87.730003,85.933304,2970800
2015-02-19,87.639999,89.43,87.58000200000001,89.199997,87.37316899999999,5271700
2015-02-20,89.019997,90.940002,88.879997,90.790001,88.93061800000001,6276500
2015-02-23,90.91999799999999,91.139999,89.940002,91.120003,89.253876,4316300
2015-02-24,90.550003,91.650002,90.239998,91.32,89.449753,5531400
2015-02-25,92.050003,92.760002,91.389999,92.66999799999999,90.77211,6144400
2015-02-26,92.889999,93.0,91.059998,91.260002,89.390984,5666700
2015-02-27,91.010002,91.68,89.970001,90.129997,88.284134,4675300
2015-03-02,89.559998,92.160004,89.5,92.019997,90.135414,5568300
2015-03-03,91.900002,91.940002,90.519997,90.970001,89.106941,3444400
2015-03-04,90.639999,91.889999,90.129997,91.709999,89.831764,4733900
2015-03-05,92.0,92.949997,91.449997,92.809998,90.909256,4651300
2015-03-06,92.510002,92.529999,90.66999799999999,90.790001,88.93061800000001,4963200
2015-03-09,90.519997,91.440002,90.07,91.120003,89.253876,4144800
2015-03-10,90.18,90.389999,88.839996,88.839996,87.020554,4963500
2015-03-11,87.589996,88.16999799999999,86.849998,86.970001,85.18885,9452300
2015-03-12,87.730003,89.510002,87.68,89.25,87.422157,7035500
2015-03-13,89.25,89.25,87.349998,87.75,85.952873,4609700
2015-03-16,88.5,88.93,87.93,88.709999,86.893211,3843900
2015-03-17,88.260002,88.559998,87.75,87.970001,86.168358,2874200
2015-03-18,87.720001,89.260002,87.220001,88.879997,87.059731,5187100
2015-03-19,88.849998,89.66999799999999,88.639999,89.019997,87.19686899999999,3172500
2015-03-20,89.57,90.360001,89.379997,89.82,87.980499,4372000
2015-03-23,89.940002,90.650002,89.32,89.33000200000001,87.500519,3391300
2015-03-24,89.400002,89.940002,89.040001,89.489998,87.65724200000001,4050500
2015-03-25,89.57,89.620003,87.370003,87.370003,85.580673,3813600
2015-03-26,86.709999,88.300003,86.559998,87.93,86.129181,4141800
2015-03-27,87.900002,88.32,86.870003,87.25,85.46311999999999,4922600
2015-03-30,87.639999,88.290001,87.480003,87.66999799999999,85.874512,3451100
2015-03-31,87.33000200000001,88.260002,86.389999,86.389999,84.620728,5985500
2015-04-01,86.730003,86.739998,85.370003,86.739998,84.963554,4736900
2015-04-02,86.91999799999999,87.870003,86.66999799999999,87.029999,85.24762700000001,4628400
2015-04-06,86.349998,87.660004,86.220001,87.339996,85.551277,5853800
2015-04-07,87.459999,88.510002,87.269997,87.91999799999999,86.277458,4091200
2015-04-08,88.400002,89.690002,88.279999,89.32,87.651299,3659900
2015-04-09,89.099998,89.699997,88.139999,89.059998,87.396164,3482100
2015-04-10,89.480003,89.480003,88.32,88.57,86.915314,2575300
2015-04-13,88.629997,89.43,88.25,88.25,86.601295,3526000
2015-04-14,88.010002,89.470001,88.010002,89.120003,87.45504,3453500
2015-04-15,89.150002,89.57,88.660004,89.25,87.582603,2683600
2015-04-16,88.949997,89.18,88.589996,88.720001,87.0625,2952100
2015-04-17,87.989998,88.309998,86.589996,86.93,85.305939,4352800
2015-04-20,87.220001,87.889999,87.010002,87.33000200000001,85.698471,2681000
2015-04-21,87.5,88.18,87.269997,87.769997,86.130257,3148200
2015-04-22,88.480003,92.43,88.480003,91.199997,89.496178,12232000
2015-04-23,91.199997,91.400002,90.18,90.879997,89.182152,4322300
2015-04-24,90.720001,91.160004,90.209999,90.720001,89.025131,3519200
2015-04-27,90.93,91.269997,89.690002,89.75,88.073257,4854300
2015-04-28,89.650002,90.440002,89.309998,90.230003,88.544304,4786300
2015-04-29,91.129997,93.589996,89.809998,90.25,88.563919,9364700
2015-04-30,90.25,91.389999,89.660004,90.209999,88.524658,7470700
2015-05-01,90.360001,91.309998,90.260002,91.25,89.545242,4663100
2015-05-04,91.489998,91.989998,90.809998,91.18,89.47654,4596900
2015-05-05,91.139999,91.91999799999999,90.559998,90.779999,89.084007,3707000
2015-05-06,91.050003,91.449997,89.959999,90.57,88.87796,3495800
2015-05-07,90.709999,92.160004,90.349998,92.050003,90.330292,4369800
2015-05-08,92.839996,94.33000200000001,92.639999,93.510002,91.76303100000001,9933400
2015-05-11,93.480003,93.91999799999999,92.5,92.519997,90.791496,4731400
2015-05-12,91.889999,92.730003,91.58000200000001,92.389999,90.66394,5191800
2015-05-13,92.75,92.980003,92.019997,92.519997,90.791496,3443200
2015-05-14,93.099998,93.900002,92.800003,93.839996,92.086845,3467200
2015-05-15,93.839996,94.5,93.029999,93.220001,91.478439,3403800
2015-05-18,92.900002,93.160004,91.83000200000001,93.08000200000001,91.34105699999999,4281200
2015-05-19,93.610001,94.07,93.150002,93.800003,92.0476,3279700
2015-05-20,94.099998,94.099998,92.809998,93.239998,91.498062,2701100
2015-05-21,93.089996,93.349998,92.730003,92.900002,91.164429,2891000
2015-05-22,92.949997,93.290001,92.650002,92.690002,90.958336,2448200
2015-05-26,92.599998,92.639999,91.550003,91.889999,90.173286,2965400
2015-05-27,92.110001,92.779999,91.889999,92.589996,90.860199,2597800
2015-05-28,92.599998,92.959999,92.110001,92.82,91.085915,1777700
2015-05-29,92.809998,92.91999799999999,92.150002,92.260002,90.536369,3560000
2015-06-01,92.400002,92.940002,91.610001,92.559998,90.83075699999999,2635400
2015-06-02,92.139999,93.519997,91.440002,93.16999799999999,91.42935899999999,2795500
2015-06-03,93.300003,94.059998,92.900002,93.5,91.753204,3638000
2015-06-04,92.949997,93.660004,92.32,92.57,90.84056899999999,3320300
2015-06-05,92.440002,92.839996,91.699997,92.620003,90.889641,2655000
2015-06-08,92.389999,92.610001,91.769997,91.900002,90.18309,2545700
2015-06-09,91.730003,92.309998,91.300003,92.089996,90.369537,2375100
2015-06-10,92.5,94.360001,92.400002,94.16999799999999,92.410667,3727600
2015-06-11,94.349998,95.129997,93.980003,94.5,92.734535,3403600
2015-06-12,94.050003,94.269997,93.209999,93.769997,92.018158,2777500
2015-06-15,92.93,93.540001,92.150002,93.300003,91.556938,3229000
2015-06-16,93.33000200000001,94.41999799999999,93.08000200000001,94.150002,92.391052,2446100
2015-06-17,94.349998,94.970001,93.900002,94.449997,92.685455,2962100
2015-06-18,94.57,96.309998,94.540001,96.050003,94.255554,4208000
2015-06-19,95.82,95.959999,94.720001,94.809998,93.03872700000001,5011200
2015-06-22,95.589996,96.129997,95.260002,95.41999799999999,93.637337,3290100
2015-06-23,95.66999799999999,95.980003,95.349998,95.699997,93.912102,4195400
2015-06-24,95.379997,96.150002,95.290001,95.510002,93.725662,3682500
2015-06-25,95.870003,95.870003,94.279999,94.459999,92.695267,3214900
2015-06-26,94.800003,94.83000200000001,93.900002,94.510002,92.744339,3201100
2015-06-29,93.68,94.120003,92.410004,92.519997,90.791496,4426500
2015-06-30,93.199997,94.040001,92.739998,93.480003,91.733582,4750400
2015-07-01,94.470001,94.949997,94.0,94.5,92.734535,3737000
2015-07-02,94.489998,94.760002,93.900002,94.239998,92.479385,3034700
2015-07-06,93.400002,94.68,93.230003,94.519997,92.75415,3042000
2015-07-07,94.540001,94.540001,92.290001,93.889999,92.29214499999999,4859200
2015-07-08,92.970001,93.269997,92.129997,92.489998,90.915962,4367200
2015-07-09,93.730003,94.139999,92.989998,93.040001,91.456604,2986000
2015-07-10,94.449997,95.0,94.08000200000001,94.620003,93.00972,2721800
2015-07-13,95.370003,95.699997,95.110001,95.5,93.874756,3454400
2015-07-14,95.699997,95.900002,95.150002,95.269997,93.648659,3148400
2015-07-15,95.510002,95.599998,94.650002,95.25,93.629005,3969400
2015-07-16,95.75,95.970001,95.459999,95.82,94.189293,3100400
2015-07-17,95.559998,96.260002,94.459999,96.08000200000001,94.444862,2726300
2015-07-20,96.559998,97.760002,96.410004,97.260002,95.60479699999999,4621700
2015-07-21,97.199997,97.400002,96.32,96.709999,95.064163,3836200
2015-07-22,96.300003,97.360001,96.150002,96.879997,95.23127,3809900
2015-07-23,96.900002,96.970001,94.870003,95.160004,93.540543,4896900
2015-07-24,97.300003,97.489998,95.519997,95.83000200000001,94.19914200000001,6798800
2015-07-27,95.470001,95.83000200000001,94.300003,94.389999,92.783653,4538900
2015-07-28,95.07,95.470001,94.709999,95.160004,93.540543,6528700
2015-07-29,94.400002,97.949997,93.0,96.730003,95.083809,11420600
2015-07-30,96.639999,98.82,96.110001,98.410004,96.735222,4407300
2015-07-31,98.650002,98.779999,97.269997,97.400002,95.742416,3956700
2015-08-03,97.739998,97.879997,96.309998,97.440002,95.781738,2989800
2015-08-04,97.449997,98.300003,97.139999,97.300003,95.64411199999999,2976200
2015-08-05,98.08000200000001,98.730003,97.790001,98.269997,96.597595,3306100
2015-08-06,98.559998,98.610001,96.91999799999999,97.160004,95.5065,4109900
2015-08-07,97.089996,97.790001,96.559998,97.769997,96.106117,3114900
2015-08-10,98.370003,99.18,97.800003,98.08000200000001,96.410843,3445500
2015-08-11,97.199997,97.769997,96.699997,97.199997,95.545815,4178100
2015-08-12,96.559998,97.339996,95.269997,97.040001,95.388542,3924200
2015-08-13,97.290001,97.900002,96.58000200000001,97.230003,95.57531,2440200
2015-08-14,97.230003,98.07,96.860001,97.889999,96.224075,1849200
2015-08-17,97.559998,97.949997,96.800003,97.860001,96.19459499999999,2423900
2015-08-18,97.68,98.110001,97.5,97.599998,95.939011,2215000
2015-08-19,97.150002,97.480003,96.16999799999999,96.599998,94.956017,3737000
2015-08-20,95.970001,96.120003,94.519997,94.559998,92.950745,4884000
2015-08-21,93.529999,93.93,90.639999,90.68,89.13678,7992200
2015-08-24,85.5,90.550003,74.610001,87.83000200000001,86.335289,11374700
2015-08-25,90.83000200000001,90.889999,86.660004,86.82,85.34246800000001,6600600
2015-08-26,88.910004,91.870003,87.949997,91.709999,90.149239,6591600
2015-08-27,93.150002,94.209999,92.050003,94.050003,92.449425,5435400
2015-08-28,93.690002,94.16999799999999,93.059998,94.08000200000001,92.478912,3136600
2015-08-31,93.41999799999999,93.639999,92.0,92.370003,90.798019,4936700
2015-09-01,90.059998,91.040001,88.540001,89.050003,87.534515,6341900
2015-09-02,90.160004,90.57,88.989998,90.43,88.891037,5175400
2015-09-03,90.989998,92.349998,90.940002,91.650002,90.090271,3617900
2015-09-04,90.75,90.93,89.889999,90.529999,88.989334,3595400
2015-09-08,92.209999,93.129997,91.58000200000001,92.900002,91.318993,4176300
2015-09-09,91.199997,93.550003,89.769997,89.970001,88.438873,8089400
2015-09-10,89.800003,90.690002,89.550003,89.68,88.153778,7370000
2015-09-11,89.510002,91.41999799999999,89.459999,91.349998,89.79538000000001,4572400
2015-09-14,91.279999,91.449997,90.550003,90.940002,89.39235699999999,3740400
2015-09-15,91.279999,92.599998,90.18,92.110001,90.542435,4670200
2015-09-16,92.32,92.769997,91.870003,92.730003,91.151886,4128600
2015-09-17,92.650002,94.839996,92.629997,93.209999,91.623726,4627000
2015-09-18,92.050003,93.32,91.839996,92.150002,90.581757,8239700
2015-09-21,92.870003,94.07,92.589996,93.050003,91.466454,3998800
2015-09-22,91.730003,92.309998,91.410004,92.07,90.503128,3457100
2015-09-23,91.910004,92.739998,91.809998,92.139999,90.57193000000001,2557000
2015-09-24,91.410004,91.57,90.110001,91.120003,89.569298,3513900
2015-09-25,92.089996,92.099998,90.699997,91.300003,89.74623100000001,3880800
2015-09-28,90.970001,91.099998,88.150002,88.349998,86.846428,4966800
2015-09-29,88.66999799999999,89.550003,88.019997,88.760002,87.24945100000001,4501200
2015-09-30,90.199997,90.290001,88.949997,90.120003,88.58631899999999,4530300
2015-10-01,90.57,90.879997,89.400002,90.730003,89.185928,4496000
2015-10-02,89.269997,92.120003,88.91999799999999,92.07,90.503128,3543600
2015-10-05,92.790001,94.370003,92.550003,94.33000200000001,92.724648,3837600
2015-10-06,94.0,94.849998,93.769997,93.91999799999999,92.321632,3641700
2015-10-07,94.510002,95.269997,94.199997,95.18,93.719841,3754300
2015-10-08,94.699997,96.0,94.650002,95.870003,94.399261,2970500
2015-10-09,95.629997,96.190002,95.110001,95.82,94.350037,4733200
2015-10-12,95.83000200000001,96.82,95.82,96.639999,95.157455,2577900
2015-10-13,96.32,96.66999799999999,95.879997,95.93,94.458359,2415100
2015-10-14,95.709999,96.190002,94.790001,95.029999,93.572159,2832500
2015-10-15,95.959999,97.160004,95.519997,97.160004,95.669487,2896900
2015-10-16,97.370003,97.690002,96.660004,97.639999,96.14211999999999,3388300
2015-10-19,97.209999,97.989998,97.010002,97.739998,96.240578,4024100
2015-10-20,97.480003,97.83000200000001,97.07,97.66999799999999,96.171646,2425500
2015-10-21,98.110001,98.360001,96.480003,96.599998,95.118065,2899600
2015-10-22,97.440002,98.739998,97.160004,98.019997,96.516289,4033400
2015-10-23,99.25,99.860001,98.18,99.790001,98.25914,5240400
2015-10-26,98.5,99.93,98.5,99.629997,98.10159300000001,3652000
2015-10-27,99.349998,99.470001,97.839996,98.43,96.91999100000001,3789300
2015-10-28,98.730003,100.129997,98.360001,100.089996,98.55452700000001,4583800
2015-10-29,99.879997,101.650002,99.0,100.589996,99.04686,4937800
2015-10-30,100.769997,101.0,98.720001,98.989998,97.471405,5539000
2015-11-02,98.900002,99.66999799999999,98.690002,99.379997,97.85541500000001,5480700
2015-11-03,99.449997,100.550003,99.010002,100.120003,98.584076,4497500
2015-11-04,100.099998,100.690002,99.510002,100.519997,98.977928,3289700
2015-11-05,100.0,101.199997,99.809998,100.690002,99.145332,3032300
2015-11-06,100.800003,101.510002,100.269997,101.5,99.942894,4333200
2015-11-09,101.040001,101.16999799999999,99.800003,100.470001,98.92871099999999,3722700
2015-11-10,99.970001,100.769997,99.82,100.650002,99.105942,2991700
2015-11-11,101.290001,101.760002,100.760002,100.879997,99.332397,4663300
2015-11-12,100.809998,100.809998,98.260002,98.279999,96.772301,5274800
2015-11-13,98.089996,98.5,96.690002,96.860001,95.374084,4363900
2015-11-16,96.57,98.360001,96.5,98.300003,96.79199200000001,3979900
2015-11-17,98.559998,99.019997,97.809998,98.07,96.56551400000001,3767500
2015-11-18,98.43,99.220001,98.129997,99.160004,97.638802,4502400
2015-11-19,99.010002,99.260002,98.349998,98.93,97.412315,3620800
2015-11-20,99.41999799999999,100.150002,99.269997,99.5,97.973587,3319700
2015-11-23,99.959999,99.959999,99.059998,99.370003,97.84558100000001,2115900
2015-11-24,98.730003,98.91999799999999,97.559998,98.5,96.988922,2588400
2015-11-25,98.540001,98.839996,98.059998,98.160004,96.654137,2196200
2015-11-27,98.279999,98.949997,98.269997,98.66999799999999,97.156319,1502600
2015-11-30,98.800003,98.889999,97.91999799999999,97.91999799999999,96.41780899999999,3847500
2015-12-01,98.209999,98.66999799999999,97.16999799999999,97.93,96.427666,4891600
2015-12-02,97.739998,98.0,96.910004,97.099998,95.61039699999999,3584400
2015-12-03,97.33000200000001,97.949997,95.699997,95.959999,94.48788499999999,3479200
2015-12-04,96.43,98.699997,96.239998,98.699997,97.18584399999999,3868100
2015-12-07,98.300003,98.690002,97.43,97.82,96.319351,2855600
2015-12-08,97.18,98.57,96.760002,98.18,96.673836,3664000
2015-12-09,98.610001,99.93,97.489998,97.82,96.319351,5111300
2015-12-10,98.120003,98.660004,97.449997,97.610001,96.112572,2907900
2015-12-11,97.610001,97.610001,94.5,94.83000200000001,93.375221,4558700
2015-12-14,95.08000200000001,96.309998,94.699997,96.300003,94.822678,3908600
2015-12-15,97.400002,98.860001,97.279999,98.43,96.91999100000001,4579900
2015-12-16,99.650002,100.290001,98.889999,100.040001,98.50529499999999,4493600
2015-12-17,100.540001,100.800003,99.260002,99.33000200000001,97.80619,4581200
2015-12-18,98.639999,98.93,96.209999,96.290001,94.81282,6039600
2015-12-21,96.910004,97.739998,96.230003,97.040001,95.551315,2748400
2015-12-22,97.510002,97.790001,96.779999,97.540001,96.043655,3160500
2015-12-23,97.940002,98.879997,97.709999,98.730003,97.215401,2054200
2015-12-24,98.779999,99.110001,98.309998,98.589996,97.07753000000001,932700
2015-12-28,98.150002,98.620003,97.860001,98.529999,97.01847099999999,1671000
2015-12-29,99.230003,99.989998,99.230003,99.720001,98.190208,2362300
2015-12-30,99.66999799999999,99.970001,98.730003,98.870003,97.353241,1856700
2015-12-31,98.25,98.860001,97.360001,97.360001,95.866417,3219200
